Thème,Sous-thème
Histoire,Histoire de France
Histoire,Anciennes civilisations
Histoire,Les grandes découvertes
Histoire,L'Amérique
Mythes & Légendes,L'égypte ancienne
Mythes & Légendes,Mythes nordiques
Mythes & Légendes,Mythes grecs
Mythes & Légendes,Les différents types de mythes
Sciences,Astronomie
Sciences,Dinosaures
Sciences,Chimie
Sciences,Médecine
Sciences,Les femmes scientifiques
Sciences,Botanique
Sciences,Les prix nobels & grands scientifiques
Sciences humaines,Sur le divan
Sciences humaines,Histoire de la psychanalyse
Sciences humaines,Histoire de la sociologie
Sciences humaines,Histoire de la psychologie
Culture,Monstres
Culture,Peinture
Culture,Musique
Culture,Les 7 merveilles du monde
Culture,Danse
Beyond,Politique
Beyond,Poésies
Beyond,Philosophie
Beyond,Droit
Beyond,Vin
Beyond,Contes
Beyond,Fables
Kids,De 0 à 3 ans
Kids,A partir de 3 ans
Kids,A partir de 6 ans
Kids,Pour les 8 ans et +